register_id_atAddress, 8522.775375000001
encrypt_register_Vote, 10.350333000002138
all_vote_process, 8545.942458
register_id_atAddress, 7569.853167000001
encrypt_register_Vote, 0.2611670000005688
all_vote_process, 7571.208417000002
register_id_atAddress, 6603.654792000001
encrypt_register_Vote, 0.3705409999965923
all_vote_process, 6605.204665999998
register_id_atAddress, 5621.342417
encrypt_register_Vote, 0.4695839999985765
all_vote_process, 5624.546999999999
register_id_atAddress, 8729.810750000004
encrypt_register_Vote, 1.3527499999981956
all_vote_process, 8732.916750000004
register_id_atAddress, 7770.1888340000005
encrypt_register_Vote, 3.5784999999959837
all_vote_process, 7777.852208000004
register_id_atAddress, 6834.191249999996
encrypt_register_Vote, 0.5183749999996508
all_vote_process, 6835.600249999996
register_id_atAddress, 5836.683834000003
encrypt_register_Vote, 0.24637500000244472
all_vote_process, 5837.796249999999
register_id_atAddress, 4850.194749999995
encrypt_register_Vote, 0.6200420000022859
all_vote_process, 4851.713667000004
register_id_atAddress, 8308.613749999997
encrypt_register_Vote, 0.6217079999914858
all_vote_process, 8310.927124999995
register_id_atAddress, 7338.142917000005
encrypt_register_Vote, 1.6490000000048894
all_vote_process, 7341.351709000002
register_id_atAddress, 6336.677540999997
encrypt_register_Vote, 0.26654100000450853
all_vote_process, 6339.032416000002
register_id_atAddress, 5328.233708
encrypt_register_Vote, 0.2405410000064876
all_vote_process, 5330.452917000002
register_id_atAddress, 8442.678750000006
encrypt_register_Vote, 0.3064579999918351
all_vote_process, 8448.154582999996
register_id_atAddress, 7506.459166000001
encrypt_register_Vote, 0.2584999999962747
all_vote_process, 7508.4355420000065
register_id_atAddress, 6524.15191700001
encrypt_register_Vote, 0.18479099999240134
all_vote_process, 6526.199500000002
register_id_atAddress, 5560.110625000001
encrypt_register_Vote, 0.5174589999951422
all_vote_process, 5562.448499999999
register_id_atAddress, 8610.295041999998
encrypt_register_Vote, 0.38570899999467656
all_vote_process, 8618.320291000011
register_id_atAddress, 7668.265916000004
encrypt_register_Vote, 0.4579589999921154
all_vote_process, 7669.930500000002
register_id_atAddress, 6671.619708999991
encrypt_register_Vote, 0.23095900000771508
all_vote_process, 6673.208874999997
register_id_atAddress, 5683.998875000005
encrypt_register_Vote, 0.33187500000349246
all_vote_process, 5686.143624999997
register_id_atAddress, 8831.197541999994
encrypt_register_Vote, 0.6135000000067521
all_vote_process, 8833.629540999988
register_id_atAddress, 7874.188792000015
encrypt_register_Vote, 0.3165000000153668
all_vote_process, 7876.447666999986
register_id_atAddress, 6874.8611669999955
encrypt_register_Vote, 0.3874589999904856
all_vote_process, 6876.656208
register_id_atAddress, 5868.824332999997
encrypt_register_Vote, 0.17708299998776056
all_vote_process, 5870.548917000007
register_id_atAddress, 4887.12820799998
encrypt_register_Vote, 0.39650000000256114
all_vote_process, 4893.430375000025
register_id_atAddress, 8251.78691700002
encrypt_register_Vote, 0.45829199999570847
all_vote_process, 8253.243875000015
register_id_atAddress, 7257.596416999993
encrypt_register_Vote, 0.24183300000731833
all_vote_process, 7259.464333999989
register_id_atAddress, 6285.247208999994
encrypt_register_Vote, 0.24412499999743886
all_vote_process, 6286.566499999986
register_id_atAddress, 5278.670458000008
encrypt_register_Vote, 0.22491699998499826
all_vote_process, 5280.872082999995
register_id_atAddress, 8341.758457999997
encrypt_register_Vote, 0.24920799999381416
all_vote_process, 8343.122875000001
register_id_atAddress, 7362.149084000004
encrypt_register_Vote, 0.2358339999918826
all_vote_process, 7364.68995900001
register_id_atAddress, 6386.86837500002
encrypt_register_Vote, 0.4093329999886919
all_vote_process, 6389.330208999978
register_id_atAddress, 5400.235667000001
encrypt_register_Vote, 0.22854199999710545
all_vote_process, 5402.396000000008
register_id_atAddress, 8547.083165999997
encrypt_register_Vote, 0.32833399999071844
all_vote_process, 8557.639542000019
register_id_atAddress, 7540.508624999988
encrypt_register_Vote, 0.34750000000349246
all_vote_process, 7542.96875
register_id_atAddress, 6583.231667000015
encrypt_register_Vote, 0.26441699999850243
all_vote_process, 6585.6519160000025
register_id_atAddress, 5607.036583999987
encrypt_register_Vote, 0.19500000000698492
all_vote_process, 5609.181542000006
register_id_atAddress, 8691.679249999986
encrypt_register_Vote, 0.47045900000375696
all_vote_process, 8695.810375000001
register_id_atAddress, 7733.15516699999
encrypt_register_Vote, 0.47595900000305846
all_vote_process, 7737.143125000002
register_id_atAddress, 6800.704375000001
encrypt_register_Vote, 0.5502080000005662
all_vote_process, 6804.388708999992
register_id_atAddress, 5782.439291000017
encrypt_register_Vote, 0.801500000001397
all_vote_process, 5789.365790999989
register_id_atAddress, 4820.973166999989
encrypt_register_Vote, 0.371791999990819
all_vote_process, 4823.734083000018
register_id_atAddress, 8298.92174999998
encrypt_register_Vote, 0.5107500000158325
all_vote_process, 8300.748041999992
register_id_atAddress, 7347.1897909999825
encrypt_register_Vote, 2.4516249999869615
all_vote_process, 7352.027833999979
register_id_atAddress, 6355.2145420000015
encrypt_register_Vote, 0.3275830000056885
all_vote_process, 6357.222416999983
register_id_atAddress, 5352.307041000022
encrypt_register_Vote, 0.2886249999864958
all_vote_process, 5353.83375000002
register_id_atAddress, 8433.865500000014
encrypt_register_Vote, 0.6046249999781139
all_vote_process, 8436.503666999983
register_id_atAddress, 7486.217416999978
encrypt_register_Vote, 0.34866600000532344
all_vote_process, 7488.29466699998
register_id_atAddress, 6486.043666999991
encrypt_register_Vote, 0.26420899998629466
all_vote_process, 6487.456459000008
register_id_atAddress, 5511.133750000037
encrypt_register_Vote, 1.5051250000251457
all_vote_process, 5515.261917000054
register_id_atAddress, 8684.456707999983
encrypt_register_Vote, 0.38366599997971207
all_vote_process, 8687.572667
register_id_atAddress, 7667.0318330000155
encrypt_register_Vote, 0.44624999997904524
all_vote_process, 7669.184207999962
register_id_atAddress, 6659.732708999945
encrypt_register_Vote, 0.23270799999590963
all_vote_process, 6668.572041999956
register_id_atAddress, 5695.064832999953
encrypt_register_Vote, 1.3327909999643452
all_vote_process, 5700.647707999975
register_id_atAddress, 4708.73562500003
encrypt_register_Vote, 0.3798749999841675
all_vote_process, 4711.833625000028
register_id_atAddress, 8270.954833999975
encrypt_register_Vote, 0.7935409999918193
all_vote_process, 8272.958791000012
register_id_atAddress, 7280.412624999997
encrypt_register_Vote, 0.3211250000167638
all_vote_process, 7282.603874999972
register_id_atAddress, 6333.999375000014
encrypt_register_Vote, 0.20100000000093132
all_vote_process, 6334.88504199998
register_id_atAddress, 5335.075832999952
encrypt_register_Vote, 0.3196250000037253
all_vote_process, 5337.0760419999715
register_id_atAddress, 8423.827374999993
encrypt_register_Vote, 0.3980829999782145
all_vote_process, 8426.570707999985
register_id_atAddress, 7472.540708999964
encrypt_register_Vote, 0.35625000001164153
all_vote_process, 7475.248666999978
register_id_atAddress, 6487.118084000016
encrypt_register_Vote, 0.1914589999942109
all_vote_process, 6488.5144169999985
register_id_atAddress, 5494.91741699999
encrypt_register_Vote, 0.39758400002028793
all_vote_process, 5497.631457999989
register_id_atAddress, 8557.727042000042
encrypt_register_Vote, 0.5248329999740236
all_vote_process, 8559.674416000023
register_id_atAddress, 7654.252124999999
encrypt_register_Vote, 0.772540999983903
all_vote_process, 7656.395541000005
register_id_atAddress, 6647.015291000018
encrypt_register_Vote, 0.18337499996414408
all_vote_process, 6648.206750000012
register_id_atAddress, 5670.214708000014
encrypt_register_Vote, 2.156790999986697
all_vote_process, 5676.116082999972
register_id_atAddress, 4680.5317499999655
encrypt_register_Vote, 0.4235409999964759
all_vote_process, 4684.57370899996
register_id_atAddress, 8602.375457999995
encrypt_register_Vote, 0.5472089999821037
all_vote_process, 8604.043000000005
register_id_atAddress, 7580.798375000013
encrypt_register_Vote, 0.38295800000196323
all_vote_process, 7583.134458000015
register_id_atAddress, 6597.9684170000255
encrypt_register_Vote, 0.2877079999889247
all_vote_process, 6600.724792000023
register_id_atAddress, 5599.1041659999755
encrypt_register_Vote, 0.5922909999499097
all_vote_process, 5602.280625000014
register_id_atAddress, 8687.597375000012
encrypt_register_Vote, 1.4482089999946766
all_vote_process, 8691.943832999968
register_id_atAddress, 7724.823124999995
encrypt_register_Vote, 0.48712499998509884
all_vote_process, 7726.741333000013
register_id_atAddress, 6742.788874999969
encrypt_register_Vote, 1.4499999999534339
all_vote_process, 6746.372582999989
register_id_atAddress, 5760.744666999963
encrypt_register_Vote, 0.7029590000165626
all_vote_process, 5762.956333999988
register_id_atAddress, 4780.870333999977
encrypt_register_Vote, 0.5224999999627471
all_vote_process, 4784.496750000049
register_id_atAddress, 8326.121667
encrypt_register_Vote, 0.6572499999892898
all_vote_process, 8328.418084000004
register_id_atAddress, 7372.326667000016
encrypt_register_Vote, 0.6036250000470318
all_vote_process, 7375.117917000025
register_id_atAddress, 6371.145958999987
encrypt_register_Vote, 1.1990420000511222
all_vote_process, 6374.696834000002
register_id_atAddress, 5371.625249999983
encrypt_register_Vote, 0.2657500000204891
all_vote_process, 5373.213916000037
register_id_atAddress, 8410.987166000006
encrypt_register_Vote, 0.6068749999976717
all_vote_process, 8414.80541599996
register_id_atAddress, 7423.228083999944
encrypt_register_Vote, 0.32162500004051253
all_vote_process, 7424.897624999983
register_id_atAddress, 6443.584040999995
encrypt_register_Vote, 0.5201249999809079
all_vote_process, 6445.540083999978
register_id_atAddress, 5464.542499999981
encrypt_register_Vote, 0.20345900004031137
all_vote_process, 5466.162750000018
register_id_atAddress, 8572.914999999979
encrypt_register_Vote, 0.41849999997066334
all_vote_process, 8575.536499999987
register_id_atAddress, 7621.010917000007
encrypt_register_Vote, 0.33837499999208376
all_vote_process, 7623.511124999961
register_id_atAddress, 6689.1951250000275
encrypt_register_Vote, 0.19645799999125302
all_vote_process, 6690.432541999966
register_id_atAddress, 5702.305333000026
encrypt_register_Vote, 0.22175000002607703
all_vote_process, 5704.325167000003
register_id_atAddress, 4742.885750000016
encrypt_register_Vote, 0.2239580000168644
all_vote_process, 4744.823040999996
register_id_atAddress, 8280.780375000031
encrypt_register_Vote, 0.4874580000177957
all_vote_process, 8282.465000000026
register_id_atAddress, 7287.894291999983
encrypt_register_Vote, 0.19679200003156438
all_vote_process, 7289.7558749999735
register_id_atAddress, 6317.674999999988
encrypt_register_Vote, 0.15933399996720254
all_vote_process, 6321.168666999962
register_id_atAddress, 5295.581208000018
encrypt_register_Vote, 0.7771669999929145
all_vote_process, 5308.026500000036
register_id_atAddress, 8427.933791999996
encrypt_register_Vote, 0.3954999999841675
all_vote_process, 8430.922666999977
register_id_atAddress, 7443.078458000033
encrypt_register_Vote, 0.5590000000083819
all_vote_process, 7445.657958000025
register_id_atAddress, 6444.616917000036
encrypt_register_Vote, 0.1476670000120066
all_vote_process, 6446.226458000019
register_id_atAddress, 5464.519708000007
encrypt_register_Vote, 0.2808330000261776
all_vote_process, 5466.5606670000125
register_id_atAddress, 8537.936874999956
encrypt_register_Vote, 0.709082999965176
all_vote_process, 8541.70637499995
register_id_atAddress, 7569.496165999968
encrypt_register_Vote, 0.48208300000987947
all_vote_process, 7572.582124999957
register_id_atAddress, 6595.797332999995
encrypt_register_Vote, 0.4024159999098629
all_vote_process, 6598.624542000005
register_id_atAddress, 5601.049791999918
encrypt_register_Vote, 0.2526669999351725
all_vote_process, 5603.7201659999555
register_id_atAddress, 4627.864209000021
encrypt_register_Vote, 0.29062500002328306
all_vote_process, 4629.523207999999
register_id_atAddress, 8326.826374999946
encrypt_register_Vote, 0.43245800002478063
all_vote_process, 8329.505082999938
register_id_atAddress, 7331.883417000063
encrypt_register_Vote, 0.24933400005102158
all_vote_process, 7334.893750000047
register_id_atAddress, 6357.415707999957
encrypt_register_Vote, 0.33379099995363504
all_vote_process, 6359.18512499996
register_id_atAddress, 5346.148999999976
encrypt_register_Vote, 0.2510410000104457
all_vote_process, 5349.237458000076
register_id_atAddress, 8440.163124999963
encrypt_register_Vote, 0.32179200008977205
all_vote_process, 8441.986167000025
register_id_atAddress, 7504.883625000017
encrypt_register_Vote, 0.33691700000781566
all_vote_process, 7507.230749999988
register_id_atAddress, 6540.777541999938
encrypt_register_Vote, 0.7028339999960735
all_vote_process, 6543.789624999976
register_id_atAddress, 5552.807541999966
encrypt_register_Vote, 0.18654100003186613
all_vote_process, 5554.742583999992
register_id_atAddress, 8618.709792000009
encrypt_register_Vote, 0.5897500000428408
all_vote_process, 8621.466875000042
register_id_atAddress, 7660.451125000021
encrypt_register_Vote, 0.7582919999258593
all_vote_process, 7663.342375000007
register_id_atAddress, 6676.276792000048
encrypt_register_Vote, 0.2725420000497252
all_vote_process, 6678.157332999981
register_id_atAddress, 5683.579875000054
encrypt_register_Vote, 0.3104999999050051
all_vote_process, 5685.764915999956
register_id_atAddress, 4703.986499999999
encrypt_register_Vote, 0.26274999999441206
all_vote_process, 4706.679125000024
register_id_atAddress, 8296.377165999962
encrypt_register_Vote, 0.32270800007972866
all_vote_process, 8297.630458
register_id_atAddress, 7336.147916999995
encrypt_register_Vote, 0.666916000074707
all_vote_process, 7338.749959000037
register_id_atAddress, 6349.837416000082
encrypt_register_Vote, 0.2150420000543818
all_vote_process, 6351.918833000003
register_id_atAddress, 5340.712124999962
encrypt_register_Vote, 0.47429100004956126
all_vote_process, 5344.85400000005
register_id_atAddress, 8411.525207999977
encrypt_register_Vote, 1.166666999924928
all_vote_process, 8416.456915999996
register_id_atAddress, 7443.834541999968
encrypt_register_Vote, 2.4843340000370517
all_vote_process, 7449.94287499995
register_id_atAddress, 6502.138625000021
encrypt_register_Vote, 0.5385829999577254
all_vote_process, 6504.7512080000015
register_id_atAddress, 5512.670750000048
encrypt_register_Vote, 0.3417919999919832
all_vote_process, 5514.737667000038
register_id_atAddress, 4520.450665999902
encrypt_register_Vote, 0.34183300007134676
all_vote_process, 4522.083333000075
register_id_atAddress, 8308.754666999914
encrypt_register_Vote, 1.4081669999286532
all_vote_process, 8311.829041999998
register_id_atAddress, 7350.885000000009
encrypt_register_Vote, 0.3385410000337288
all_vote_process, 7352.831165999989
register_id_atAddress, 6366.230624999967
encrypt_register_Vote, 0.31299999996554106
all_vote_process, 6367.868666999973
register_id_atAddress, 5358.522541999933
encrypt_register_Vote, 0.26954200002364814
all_vote_process, 5360.99133400002
register_id_atAddress, 8418.905666999985
encrypt_register_Vote, 0.5304999999934807
all_vote_process, 8421.356707999948
register_id_atAddress, 7450.630709000048
encrypt_register_Vote, 0.32412500004284084
all_vote_process, 7452.8449159999145
register_id_atAddress, 6475.945833000005
encrypt_register_Vote, 0.2112920000217855
all_vote_process, 6477.476374999969
register_id_atAddress, 5529.512290999992
encrypt_register_Vote, 0.20374999998603016
all_vote_process, 5532.27904100006
register_id_atAddress, 4503.344584000064
encrypt_register_Vote, 0.5169590000296012
all_vote_process, 4506.022750000004
register_id_atAddress, 8242.866665999987
encrypt_register_Vote, 0.4789170000003651
all_vote_process, 8245.431542000035
register_id_atAddress, 7274.054415999912
encrypt_register_Vote, 1.1368340000044554
all_vote_process, 7278.2797919999575
register_id_atAddress, 6274.033458000049
encrypt_register_Vote, 0.2617910000262782
all_vote_process, 6275.738000000012
register_id_atAddress, 5269.363875000039
encrypt_register_Vote, 0.20216700003948063
all_vote_process, 5271.712208000012
register_id_atAddress, 8359.41162499995
encrypt_register_Vote, 6.279915999970399
all_vote_process, 8369.047917000018
register_id_atAddress, 7379.125708999927
encrypt_register_Vote, 0.27629199996590614
all_vote_process, 7380.833125000005
register_id_atAddress, 6393.658291000058
encrypt_register_Vote, 0.29166699992492795
all_vote_process, 6398.1374589999905
register_id_atAddress, 5395.238000000012
encrypt_register_Vote, 0.3099159999983385
all_vote_process, 5397.3603750000475
register_id_atAddress, 8492.520959000103
encrypt_register_Vote, 0.3612500000745058
all_vote_process, 8495.075458000065
register_id_atAddress, 7523.296166999964
encrypt_register_Vote, 0.4828749999869615
all_vote_process, 7526.529916999978
register_id_atAddress, 6546.755957999965
encrypt_register_Vote, 0.436708000022918
all_vote_process, 6549.368459000019
register_id_atAddress, 5560.13287500001
encrypt_register_Vote, 0.24779199995100498
all_vote_process, 5562.092625000048
register_id_atAddress, 4596.205667000031
encrypt_register_Vote, 0.3558750000083819
all_vote_process, 4598.306957999943
register_id_atAddress, 8294.06804199994
encrypt_register_Vote, 0.584000000031665
all_vote_process, 8297.23766600003
register_id_atAddress, 7300.839750000043
encrypt_register_Vote, 0.6072500000009313
all_vote_process, 7303.36712499999
register_id_atAddress, 6335.928124999977
encrypt_register_Vote, 0.805458000046201
all_vote_process, 6338.64837499999
register_id_atAddress, 5321.651832999894
encrypt_register_Vote, 0.16666700004134327
all_vote_process, 5323.594916000031
register_id_atAddress, 8398.526291999966
encrypt_register_Vote, 0.3537909999722615
all_vote_process, 8400.416833000025
register_id_atAddress, 7421.813833000022
encrypt_register_Vote, 0.3345419999677688
all_vote_process, 7423.412750000018
register_id_atAddress, 6442.801750000101
encrypt_register_Vote, 0.2203750000335276
all_vote_process, 6443.788332999917
register_id_atAddress, 5446.950959000038
encrypt_register_Vote, 0.3048340000677854
all_vote_process, 5448.978333999985
register_id_atAddress, 4477.424459000002
encrypt_register_Vote, 0.3151669999351725
all_vote_process, 4479.042791999993
register_id_atAddress, 8264.203165999963
encrypt_register_Vote, 0.5109579999698326
all_vote_process, 8266.849459000048
register_id_atAddress, 7303.951541999937
encrypt_register_Vote, 0.41749999998137355
all_vote_process, 7306.043249999988
register_id_atAddress, 6333.764291999978
encrypt_register_Vote, 0.5702080000191927
all_vote_process, 6337.180708999978
register_id_atAddress, 5318.177417000057
encrypt_register_Vote, 0.2679590000770986
all_vote_process, 5319.819666999974
register_id_atAddress, 8464.883417000063
encrypt_register_Vote, 0.3501669999677688
all_vote_process, 8467.50441699999
register_id_atAddress, 7499.733458000002
encrypt_register_Vote, 0.4386249999515712
all_vote_process, 7502.337624999927
register_id_atAddress, 6505.3141250000335
encrypt_register_Vote, 0.23349999997299165
all_vote_process, 6506.879874999984
register_id_atAddress, 5521.989999999991
encrypt_register_Vote, 0.5889169999863952
all_vote_process, 5524.482333000051
register_id_atAddress, 4540.081499999971
encrypt_register_Vote, 0.5566660000476986
all_vote_process, 4543.317541999975
register_id_atAddress, 8258.818999999901
encrypt_register_Vote, 0.6229580000508577
all_vote_process, 8261.198167000082
register_id_atAddress, 7310.717416000087
encrypt_register_Vote, 0.5147910000523552
all_vote_process, 7313.221292000031
register_id_atAddress, 6324.6686669999035
encrypt_register_Vote, 0.30441600002814084
all_vote_process, 6327.293500000029
register_id_atAddress, 5308.755708999932
encrypt_register_Vote, 0.21008400002028793
all_vote_process, 5310.933416999993
register_id_atAddress, 8366.434167
encrypt_register_Vote, 0.27474999998230487
all_vote_process, 8369.327042000019
register_id_atAddress, 7402.0922919999575
encrypt_register_Vote, 0.4962080001132563
all_vote_process, 7404.369249999989
register_id_atAddress, 6442.666917000082
encrypt_register_Vote, 0.19762500002980232
all_vote_process, 6444.818124999991
register_id_atAddress, 5436.3128750000615
encrypt_register_Vote, 0.24945800006389618
all_vote_process, 5438.807709000073
register_id_atAddress, 4459.191792000085
encrypt_register_Vote, 1.4820419999305159
all_vote_process, 4464.508000000031
register_id_atAddress, 4566.933457999956
encrypt_register_Vote, 0.7202919999836013
all_vote_process, 4569.460416999995
register_id_atAddress, 8239.257582999999
encrypt_register_Vote, 0.46450000000186265
all_vote_process, 8241.196415999904
register_id_atAddress, 7260.790916000027
encrypt_register_Vote, 0.29833399993367493
all_vote_process, 7263.164875000017
register_id_atAddress, 6295.035207999987
encrypt_register_Vote, 0.1477500000037253
all_vote_process, 6296.289749999996
register_id_atAddress, 5289.918708000099
encrypt_register_Vote, 0.25929099996574223
all_vote_process, 5292.269624999957
register_id_atAddress, 8392.190667000017
encrypt_register_Vote, 0.9003340000053868
all_vote_process, 8395.818207999924
register_id_atAddress, 7409.996207999997
encrypt_register_Vote, 0.30391699995379895
all_vote_process, 7412.291415999993
register_id_atAddress, 6426.466540999943
encrypt_register_Vote, 0.3351660000625998
all_vote_process, 6428.662999999942
register_id_atAddress, 5430.768958000001
encrypt_register_Vote, 0.43370799999684095
all_vote_process, 5434.027542000054
register_id_atAddress, 8496.421374999918
encrypt_register_Vote, 0.36595799995120615
all_vote_process, 8498.537749999901
register_id_atAddress, 7511.760000000009
encrypt_register_Vote, 0.5242079999297857
all_vote_process, 7514.14145799994
register_id_atAddress, 6500.821332999971
encrypt_register_Vote, 0.2209579999325797
all_vote_process, 6507.957249999978
register_id_atAddress, 5523.501167000039
encrypt_register_Vote, 0.15829200006555766
all_vote_process, 5525.106000000029
register_id_atAddress, 4560.38824999996
encrypt_register_Vote, 2.649250000016764
all_vote_process, 4565.510458000004
register_id_atAddress, 8341.60054200003
encrypt_register_Vote, 0.4686250000959262
all_vote_process, 8343.211207999964
register_id_atAddress, 7353.667167000007
encrypt_register_Vote, 0.23791599995456636
all_vote_process, 7354.926291999989
register_id_atAddress, 6374.372374999919
encrypt_register_Vote, 0.2112920000217855
all_vote_process, 6375.387624999974
register_id_atAddress, 5366.776334000053
encrypt_register_Vote, 0.15500000002793968
all_vote_process, 5368.92487499991
register_id_atAddress, 4391.160959000001
encrypt_register_Vote, 0.3458340000361204
all_vote_process, 4393.486916999915
register_id_atAddress, 8274.16395800002
encrypt_register_Vote, 2.2998749999096617
all_vote_process, 8280.86166699999
register_id_atAddress, 7310.903625000035
encrypt_register_Vote, 0.4348329999484122
all_vote_process, 7313.571624999982
register_id_atAddress, 6362.725541999913
encrypt_register_Vote, 0.5167079999810085
all_vote_process, 6366.536582999979
register_id_atAddress, 5317.60162500001
encrypt_register_Vote, 0.15674999996554106
all_vote_process, 5319.29708300007
register_id_atAddress, 4353.094625000027
encrypt_register_Vote, 0.2872910000151023
all_vote_process, 4355.10008299991
register_id_atAddress, 8342.060083999997
encrypt_register_Vote, 7.318624999956228
all_vote_process, 8351.213416999904
register_id_atAddress, 7297.817707999959
encrypt_register_Vote, 0.2257499999832362
all_vote_process, 7299.44537500001
register_id_atAddress, 6312.257833999931
encrypt_register_Vote, 0.35025000001769513
all_vote_process, 6315.24545799999
register_id_atAddress, 5304.77254200005
encrypt_register_Vote, 0.3768749999580905
all_vote_process, 5307.467042000033
register_id_atAddress, 4323.426333000069
encrypt_register_Vote, 0.27512500004377216
all_vote_process, 4325.47412499995
register_id_atAddress, 8284.898665999994
encrypt_register_Vote, 1.48479200003203
all_vote_process, 8289.445082999999
register_id_atAddress, 7302.44529199996
encrypt_register_Vote, 0.568874999997206
all_vote_process, 7306.787291000015
register_id_atAddress, 6313.381165999919
encrypt_register_Vote, 1.8637500000186265
all_vote_process, 6318.522583000013
register_id_atAddress, 5309.986291000154
encrypt_register_Vote, 0.25424999999813735
all_vote_process, 5314.098749999888
register_id_atAddress, 8415.198124999879
encrypt_register_Vote, 0.3300420001614839
all_vote_process, 8420.15420800005
register_id_atAddress, 7454.002542000031
encrypt_register_Vote, 0.3657909999601543
all_vote_process, 7456.314416999929
register_id_atAddress, 6512.080125000095
encrypt_register_Vote, 0.18683400005102158
all_vote_process, 6513.620875000022
register_id_atAddress, 5581.363624999998
encrypt_register_Vote, 0.43137499992735684
all_vote_process, 5585.383583999937
register_id_atAddress, 4568.443916999968
encrypt_register_Vote, 1.0738329999148846
all_vote_process, 4571.788791999919
register_id_atAddress, 8282.856749999803
encrypt_register_Vote, 0.37037499994039536
all_vote_process, 8285.47837500018
register_id_atAddress, 7308.102375000017
encrypt_register_Vote, 0.5406659999862313
all_vote_process, 7311.274749999866
register_id_atAddress, 6318.34745900007
encrypt_register_Vote, 0.30241600004956126
all_vote_process, 6320.294916999992
register_id_atAddress, 5312.53570899996
encrypt_register_Vote, 0.2556249999906868
all_vote_process, 5314.506707999855
register_id_atAddress, 4347.045625000028
encrypt_register_Vote, 0.3302920002024621
all_vote_process, 4349.360291999998
register_id_atAddress, 4197.616917000152
encrypt_register_Vote, 0.29866699990816414
all_vote_process, 4199.110209000064
register_id_atAddress, 4214.568167000078
encrypt_register_Vote, 0.5823339999187738
all_vote_process, 4216.84924999997
register_id_atAddress, 8337.77187499986
encrypt_register_Vote, 0.6663749997969717
all_vote_process, 8341.104208000004
register_id_atAddress, 7362.7485829999205
encrypt_register_Vote, 1.3718749999534339
all_vote_process, 7367.750874999911
register_id_atAddress, 6381.101291999919
encrypt_register_Vote, 0.4841670000459999
all_vote_process, 6384.072500000009
register_id_atAddress, 5363.73912500008
encrypt_register_Vote, 0.3252089999150485
all_vote_process, 5369.380542000057
register_id_atAddress, 4408.467500000028
encrypt_register_Vote, 0.5627079999540001
all_vote_process, 4411.366583999945
register_id_atAddress, 4234.397750000004
encrypt_register_Vote, 0.297584000043571
all_vote_process, 4235.686375000048
register_id_atAddress, 8263.567165999906
encrypt_register_Vote, 0.5648340000770986
all_vote_process, 8265.275459000142
register_id_atAddress, 7297.031707999995
encrypt_register_Vote, 0.2890409999527037
all_vote_process, 7299.1545829998795
register_id_atAddress, 6305.097792000044
encrypt_register_Vote, 0.3071250000502914
all_vote_process, 6306.5621249999385
register_id_atAddress, 5307.9492919999175
encrypt_register_Vote, 0.6052500000223517
all_vote_process, 5312.330333999824
register_id_atAddress, 4339.712458000053
encrypt_register_Vote, 0.47537500015459955
all_vote_process, 4343.053125000093
register_id_atAddress, 4246.762833000161
encrypt_register_Vote, 0.5244589999783784
all_vote_process, 4249.8413749998435
register_id_atAddress, 8266.629041000037
encrypt_register_Vote, 0.5604170002043247
all_vote_process, 8268.574749999912
register_id_atAddress, 7269.3469170001335
encrypt_register_Vote, 0.2876669999677688
all_vote_process, 7270.952832999872
register_id_atAddress, 6282.39754200005
encrypt_register_Vote, 0.15679100016131997
all_vote_process, 6283.9545420000795
register_id_atAddress, 5275.741957999999
encrypt_register_Vote, 0.23920800001360476
all_vote_process, 5278.806749999989
register_id_atAddress, 4302.885708000045
encrypt_register_Vote, 0.3887910000048578
all_vote_process, 4305.099959000014
register_id_atAddress, 4207.6451660001185
encrypt_register_Vote, 0.22854100004769862
all_vote_process, 4208.568875000114
register_id_atAddress, 4245.026582999853
encrypt_register_Vote, 0.45679199998266995
all_vote_process, 4246.608540999936
register_id_atAddress, 4231.680750000058
encrypt_register_Vote, 0.5495420000515878
all_vote_process, 4233.978583000135
register_id_atAddress, 8194.565790999914
encrypt_register_Vote, 0.5488750000949949
all_vote_process, 8196.164999999804
register_id_atAddress, 7217.191292000003
encrypt_register_Vote, 0.706042000092566
all_vote_process, 7226.537416999927
register_id_atAddress, 6219.178125000093
encrypt_register_Vote, 0.2587500000372529
all_vote_process, 6220.86933399993
register_id_atAddress, 5215.978249999927
encrypt_register_Vote, 0.3452910000924021
all_vote_process, 5219.516958000138
register_id_atAddress, 8367.280416999944
encrypt_register_Vote, 0.45308400015346706
all_vote_process, 8369.889874999877
register_id_atAddress, 7393.051874999888
encrypt_register_Vote, 0.341541999951005
all_vote_process, 7398.712333000032
register_id_atAddress, 6433.509958000155
encrypt_register_Vote, 0.1720000000204891
all_vote_process, 6435.127708999906
register_id_atAddress, 5424.693709000014
encrypt_register_Vote, 0.45641599991358817
all_vote_process, 5427.838708000025
register_id_atAddress, 4448.728707999922
encrypt_register_Vote, 0.5957499998621643
all_vote_process, 4452.764375000028
register_id_atAddress, 4208.693375000032
encrypt_register_Vote, 1.7057080001104623
all_vote_process, 4212.1054999998305
register_id_atAddress, 4194.098915999988
encrypt_register_Vote, 0.24133400013670325
all_vote_process, 4196.098124999786
register_id_atAddress, 4213.8614580000285
encrypt_register_Vote, 0.6388340000994503
all_vote_process, 4216.220542000141
register_id_atAddress, 4506.729334000032
encrypt_register_Vote, 0.3233750001527369
all_vote_process, 4507.952208999777
register_id_atAddress, 4201.223290999886
encrypt_register_Vote, 0.32174999988637865
all_vote_process, 4202.558958000038
register_id_atAddress, 4199.329083000077
encrypt_register_Vote, 0.46708300011232495
all_vote_process, 4201.746708000079
register_id_atAddress, 4247.264291999862
encrypt_register_Vote, 0.26916699996218085
all_vote_process, 4248.971333999885
register_id_atAddress, 8278.784084000159
encrypt_register_Vote, 0.44708299986086786
all_vote_process, 8280.594749999931
register_id_atAddress, 7394.904499999946
encrypt_register_Vote, 0.6037920000962913
all_vote_process, 7397.569750000024
register_id_atAddress, 6337.917542000068
encrypt_register_Vote, 0.3619170000310987
all_vote_process, 6339.831709000049
register_id_atAddress, 5333.119958000025
encrypt_register_Vote, 0.23124999995343387
all_vote_process, 5336.68120799982
register_id_atAddress, 4367.462208000012
encrypt_register_Vote, 0.4946250000502914
all_vote_process, 4370.422959000105
register_id_atAddress, 4176.945208000019
encrypt_register_Vote, 0.5291669999714941
all_vote_process, 4179.191708000144
register_id_atAddress, 4178.79062500014
encrypt_register_Vote, 0.44837499991990626
all_vote_process, 4180.472999999998
register_id_atAddress, 4257.759290999966
encrypt_register_Vote, 0.5630840000230819
all_vote_process, 4259.917750000022
register_id_atAddress, 4188.807833000086
encrypt_register_Vote, 0.3197500000242144
all_vote_process, 4190.176124999998
register_id_atAddress, 4204.161041999934
encrypt_register_Vote, 0.9614999999757856
all_vote_process, 4207.192833000096
register_id_atAddress, 4215.303457999835
encrypt_register_Vote, 0.564708000048995
all_vote_process, 4217.428041000152
register_id_atAddress, 4197.411709000124
encrypt_register_Vote, 0.3508750000037253
all_vote_process, 4198.589832999976
register_id_atAddress, 8248.600499999942
encrypt_register_Vote, 0.35287499986588955
all_vote_process, 8250.829666999867
register_id_atAddress, 7307.443750000093
encrypt_register_Vote, 0.5437089998740703
all_vote_process, 7309.846249999944
register_id_atAddress, 6309.474958000006
encrypt_register_Vote, 0.3136670000385493
all_vote_process, 6311.62437500013
register_id_atAddress, 5313.388833000092
encrypt_register_Vote, 0.4924999999348074
all_vote_process, 5316.154957999941
register_id_atAddress, 4356.148499999894
encrypt_register_Vote, 1.150332999881357
all_vote_process, 4359.682082999963
register_id_atAddress, 4202.729792000027
encrypt_register_Vote, 0.5288339999970049
all_vote_process, 4204.678249999881
register_id_atAddress, 4191.371250000084
encrypt_register_Vote, 0.7242909998167306
all_vote_process, 4194.483541999944
register_id_atAddress, 4213.7127089998685
encrypt_register_Vote, 0.5333749998826534
all_vote_process, 4216.60404100013
register_id_atAddress, 4200.991416000063
encrypt_register_Vote, 0.44200000003911555
all_vote_process, 4202.472999999998
register_id_atAddress, 4216.77741700015
encrypt_register_Vote, 0.595374999800697
all_vote_process, 4218.889666999923
register_id_atAddress, 4214.775333000114
encrypt_register_Vote, 0.5697920001111925
all_vote_process, 4217.821958000073
register_id_atAddress, 4197.918582999846
encrypt_register_Vote, 0.5270000000018626
all_vote_process, 4199.760666999966
register_id_atAddress, 4215.143583999947
encrypt_register_Vote, 0.2939590001478791
all_vote_process, 4216.654500000179
register_id_atAddress, 4207.555125000188
encrypt_register_Vote, 0.4872080001514405
all_vote_process, 4209.389916999964
register_id_atAddress, 4193.18045799993
encrypt_register_Vote, 0.5076250000856817
all_vote_process, 4194.9877500000875
register_id_atAddress, 4205.41008400009
encrypt_register_Vote, 0.5722500002011657
all_vote_process, 4207.061166999862
register_id_atAddress, 4202.712874999968
encrypt_register_Vote, 1.6099159999284893
all_vote_process, 4208.499083000002
register_id_atAddress, 4230.875250000041
encrypt_register_Vote, 0.9219159998465329
all_vote_process, 4233.932959000114
register_id_atAddress, 4231.147083000047
encrypt_register_Vote, 0.5130000000353903
all_vote_process, 4233.735666999826
register_id_atAddress, 4206.941207999829
encrypt_register_Vote, 0.62554100016132
all_vote_process, 4209.139708000002
register_id_atAddress, 4243.271375000011
encrypt_register_Vote, 0.5465000001713634
all_vote_process, 4245.137917000102
register_id_atAddress, 4164.7210830000695
encrypt_register_Vote, 0.31825000001117587
all_vote_process, 4165.854665999999
register_id_atAddress, 4228.261084000114
encrypt_register_Vote, 0.6150839999318123
all_vote_process, 4230.459375000093
register_id_atAddress, 4204.779250000138
encrypt_register_Vote, 1.0017500000540167
all_vote_process, 4207.897500000196
register_id_atAddress, 8257.941749999998
encrypt_register_Vote, 0.5136249999050051
all_vote_process, 8259.826875000028
register_id_atAddress, 7269.835291000083
encrypt_register_Vote, 0.3740840000100434
all_vote_process, 7271.883458999917
register_id_atAddress, 6287.5619590000715
encrypt_register_Vote, 0.356540999840945
all_vote_process, 6290.991249999963
register_id_atAddress, 5278.587375000119
encrypt_register_Vote, 0.18195799994282424
all_vote_process, 5280.62808299996
register_id_atAddress, 4312.853833000176
encrypt_register_Vote, 0.6626249998807907
all_vote_process, 4317.876833999995
register_id_atAddress, 4243.92125000013
encrypt_register_Vote, 1.1755409999750555
all_vote_process, 4247.083958999952
register_id_atAddress, 4186.727958000032
encrypt_register_Vote, 0.9006669998634607
all_vote_process, 4189.120667000068
register_id_atAddress, 4165.80683399993
encrypt_register_Vote, 0.44024999998509884
all_vote_process, 4167.164792000083
register_id_atAddress, 4189.82033300004
encrypt_register_Vote, 0.6506670000962913
all_vote_process, 4196.436583000002
register_id_atAddress, 4254.724958000006
encrypt_register_Vote, 0.5762920000124723
all_vote_process, 4257.773083999986
register_id_atAddress, 4218.597458000062
encrypt_register_Vote, 0.6029590000398457
all_vote_process, 4221.089875000063
register_id_atAddress, 4237.69837499992
encrypt_register_Vote, 0.6206249999813735
all_vote_process, 4239.575750000076
register_id_atAddress, 4195.70708299987
encrypt_register_Vote, 0.2488339999690652
all_vote_process, 4196.942541999975
register_id_atAddress, 4215.7349580000155
encrypt_register_Vote, 0.8768750000745058
all_vote_process, 4218.125207999954
register_id_atAddress, 4214.012165999971
encrypt_register_Vote, 2.05054199998267
all_vote_process, 4218.259415999986
register_id_atAddress, 4194.050167000154
encrypt_register_Vote, 0.6265000000130385
all_vote_process, 4195.936042000074
register_id_atAddress, 4196.73729199986
encrypt_register_Vote, 0.5924170000944287
all_vote_process, 4199.770791999996
register_id_atAddress, 4254.313458000077
encrypt_register_Vote, 0.5728749998379499
all_vote_process, 4256.3807910000905
register_id_atAddress, 4207.214999999851
encrypt_register_Vote, 0.5736669998150319
all_vote_process, 4209.511666999897
register_id_atAddress, 4198.327583000064
encrypt_register_Vote, 0.27920900005847216
all_vote_process, 4202.70862499997
register_id_atAddress, 4179.820542000001
encrypt_register_Vote, 0.20704200002364814
all_vote_process, 4180.580084000016
register_id_atAddress, 4193.181458000094
encrypt_register_Vote, 0.6382500000763685
all_vote_process, 4195.114375000121
register_id_atAddress, 4226.8403749999125
encrypt_register_Vote, 0.8592499999795109
all_vote_process, 4229.630624999991
register_id_atAddress, 4239.36258299998
encrypt_register_Vote, 0.5605419999919832
all_vote_process, 4241.477459000191
register_id_atAddress, 4162.962458000053
encrypt_register_Vote, 0.8409580001607537
all_vote_process, 4165.180542000104
register_id_atAddress, 4162.088708000025
encrypt_register_Vote, 0.244666000129655
all_vote_process, 4163.268500000006
register_id_atAddress, 4238.69225000008
encrypt_register_Vote, 0.8543750001117587
all_vote_process, 4240.9224580000155
register_id_atAddress, 4220.580958999926
encrypt_register_Vote, 0.5240000002086163
all_vote_process, 4222.278708000202
register_id_atAddress, 4234.492458999855
encrypt_register_Vote, 0.7563329997938126
all_vote_process, 4236.897458000109
register_id_atAddress, 4193.374792000046
encrypt_register_Vote, 0.5331659999210387
all_vote_process, 4195.023540999973
register_id_atAddress, 4173.5040410000365
encrypt_register_Vote, 0.3969159999396652
all_vote_process, 4174.864208000014
register_id_atAddress, 4184.508332999889
encrypt_register_Vote, 0.6124170001130551
all_vote_process, 4186.893916999921
register_id_atAddress, 4228.196665999945
encrypt_register_Vote, 0.662125000031665
all_vote_process, 4230.20708299987
register_id_atAddress, 4222.61779199983
encrypt_register_Vote, 0.8368750000372529
all_vote_process, 4225.188000000082
register_id_atAddress, 4236.183334000176
encrypt_register_Vote, 1.0434169999789447
all_vote_process, 4240.194333000109
register_id_atAddress, 4174.157249999931
encrypt_register_Vote, 0.3323329999111593
all_vote_process, 4175.278540999861
register_id_atAddress, 4201.951957999961
encrypt_register_Vote, 2.508750000037253
all_vote_process, 4207.080291000195
register_id_atAddress, 4221.817375000101
encrypt_register_Vote, 0.6184579997789115
all_vote_process, 4224.0469579999335
register_id_atAddress, 4258.120750000002
encrypt_register_Vote, 0.3595000000204891
all_vote_process, 4259.347874999978
register_id_atAddress, 4239.889500000048
encrypt_register_Vote, 0.41891700006090105
all_vote_process, 4241.663417000091
register_id_atAddress, 4181.467999999877
encrypt_register_Vote, 2.3611250000540167
all_vote_process, 4185.283500000136
register_id_atAddress, 4213.2967920000665
encrypt_register_Vote, 1.7795840001199394
all_vote_process, 4216.22887500003
register_id_atAddress, 4231.315375000006
encrypt_register_Vote, 0.40608300012536347
all_vote_process, 4234.300583999837
register_id_atAddress, 4197.515082999831
encrypt_register_Vote, 0.7028329998720437
all_vote_process, 4200.749625000171
register_id_atAddress, 4190.402042000089
encrypt_register_Vote, 0.8402499998919666
all_vote_process, 4193.141332999803
register_id_atAddress, 4173.618541999953
encrypt_register_Vote, 0.5267499999608845
all_vote_process, 4175.358542000176
register_id_atAddress, 4215.937333000125
encrypt_register_Vote, 0.18895799992606044
all_vote_process, 4216.836167000001
register_id_atAddress, 4219.514166999841
encrypt_register_Vote, 0.6961250000167638
all_vote_process, 4222.187957999995
register_id_atAddress, 4231.483291999903
encrypt_register_Vote, 0.4274999999906868
all_vote_process, 4234.584207999986
register_id_atAddress, 4204.662917000009
encrypt_register_Vote, 0.27962500019930303
all_vote_process, 4206.918250000104
register_id_atAddress, 4186.060291999951
encrypt_register_Vote, 0.1727080000564456
all_vote_process, 4187.2843340002
register_id_atAddress, 4255.282333000097
encrypt_register_Vote, 0.39804100012406707
all_vote_process, 4257.123999999836
register_id_atAddress, 4204.234666999895
encrypt_register_Vote, 0.1788749999832362
all_vote_process, 4206.274124999996
register_id_atAddress, 4208.362541999901
encrypt_register_Vote, 0.5129589999560267
all_vote_process, 4210.08366600005
register_id_atAddress, 4209.602750000078
encrypt_register_Vote, 0.5175419999286532
all_vote_process, 4211.91562500014
register_id_atAddress, 4193.447832999984
encrypt_register_Vote, 1.025374999968335
all_vote_process, 4197.472084000008
register_id_atAddress, 4206.154000000097
encrypt_register_Vote, 0.24145800014957786
all_vote_process, 4207.952415999956
register_id_atAddress, 4201.996540999971
encrypt_register_Vote, 0.07149999984540045
all_vote_process, 4202.91179100005
register_id_atAddress, 4182.0444999998435
encrypt_register_Vote, 0.944167000008747
all_vote_process, 4185.189166000113
register_id_atAddress, 4250.692042000126
encrypt_register_Vote, 0.506749999942258
all_vote_process, 4253.530583000043
register_id_atAddress, 4203.2326669998
encrypt_register_Vote, 0.62941600009799
all_vote_process, 4209.055707999971
register_id_atAddress, 4177.164249999914
encrypt_register_Vote, 0.49191699991934
all_vote_process, 4178.74537499994
register_id_atAddress, 4480.378000000026
encrypt_register_Vote, 0.17062500002793968
all_vote_process, 4483.064207999967
register_id_atAddress, 4162.409540999914
encrypt_register_Vote, 0.0912909999024123
all_vote_process, 4163.6068339999765
register_id_atAddress, 4213.164166999981
encrypt_register_Vote, 0.44212500005960464
all_vote_process, 4215.527790999971
register_id_atAddress, 4215.745417000027
encrypt_register_Vote, 0.5311249999795109
all_vote_process, 4218.018667000113
register_id_atAddress, 4225.366042000009
encrypt_register_Vote, 0.5730000000912696
all_vote_process, 4227.350875000004
register_id_atAddress, 4215.012374999933
encrypt_register_Vote, 0.6210829999763519
all_vote_process, 4218.5945409999695
register_id_atAddress, 4226.691082999809
encrypt_register_Vote, 0.7786250000353903
all_vote_process, 4229.017957999837
register_id_atAddress, 4214.650333000114
encrypt_register_Vote, 0.8587080000434071
all_vote_process, 4218.964999999851
register_id_atAddress, 4200.221292000031
encrypt_register_Vote, 0.20804199995473027
all_vote_process, 4201.980250000022
register_id_atAddress, 4216.182083999971
encrypt_register_Vote, 0.7610839998815209
all_vote_process, 4219.140666999854
register_id_atAddress, 4243.143500000006
encrypt_register_Vote, 0.6189170000143349
all_vote_process, 4245.499333000043
register_id_atAddress, 4207.394749999978
encrypt_register_Vote, 0.880875000031665
all_vote_process, 4210.708749999991
register_id_atAddress, 4236.570749999955
encrypt_register_Vote, 0.8508750000037253
all_vote_process, 4239.574125000043
register_id_atAddress, 4281.84437499987
encrypt_register_Vote, 0.36258299998007715
all_vote_process, 4283.073749999981
register_id_atAddress, 4221.900707999943
encrypt_register_Vote, 0.6934169998858124
all_vote_process, 4225.311417000135
register_id_atAddress, 4233.968041999964
encrypt_register_Vote, 1.1050830001477152
all_vote_process, 4236.841916000005
register_id_atAddress, 4190.149666999932
encrypt_register_Vote, 0.6749589999672025
all_vote_process, 4192.827917000046
register_id_atAddress, 4216.268625000026
encrypt_register_Vote, 0.6785000001545995
all_vote_process, 4219.150832999963
register_id_atAddress, 4207.793584000086
encrypt_register_Vote, 0.5631250001024455
all_vote_process, 4210.142040999839
register_id_atAddress, 4206.839415999828
encrypt_register_Vote, 0.7759999998379499
all_vote_process, 4209.617083999794
register_id_atAddress, 4215.277916999999
encrypt_register_Vote, 0.6180839999578893
all_vote_process, 4217.63191700005
register_id_atAddress, 4214.01099999994
encrypt_register_Vote, 0.7484999999869615
all_vote_process, 4217.739208000014
register_id_atAddress, 4255.148624999914
encrypt_register_Vote, 1.100624999962747
all_vote_process, 4258.092750000069
register_id_atAddress, 4218.750666999957
encrypt_register_Vote, 0.5092090000398457
all_vote_process, 4221.990375000052
register_id_atAddress, 4189.666708000004
encrypt_register_Vote, 0.8922909998800606
all_vote_process, 4192.783582999837
register_id_atAddress, 4207.492125000106
encrypt_register_Vote, 0.4544170000590384
all_vote_process, 4209.098249999806
register_id_atAddress, 4248.290167000145
encrypt_register_Vote, 0.4968329998664558
all_vote_process, 4249.97091699997
register_id_atAddress, 4237.738583999919
encrypt_register_Vote, 0.36841599992476404
all_vote_process, 4239.097709000111
register_id_atAddress, 4194.643500000006
encrypt_register_Vote, 0.6552919999230653
all_vote_process, 4197.113499999978
register_id_atAddress, 4175.774625000078
encrypt_register_Vote, 0.572249999968335
all_vote_process, 4177.8421249999665
register_id_atAddress, 4208.882874999894
encrypt_register_Vote, 0.46574999997392297
all_vote_process, 4210.11029099999
register_id_atAddress, 4266.682042000117
encrypt_register_Vote, 0.5121669999789447
all_vote_process, 4269.0604169999715
register_id_atAddress, 4233.733499999857
encrypt_register_Vote, 0.7413750002160668
all_vote_process, 4236.562084000092
register_id_atAddress, 4269.153333999915
encrypt_register_Vote, 0.7037090000230819
all_vote_process, 4271.727916999953
register_id_atAddress, 4227.047541999957
encrypt_register_Vote, 0.6202080000657588
all_vote_process, 4228.992624999955
register_id_atAddress, 4239.31799999997
encrypt_register_Vote, 0.5302500000689179
all_vote_process, 4242.421667000046
register_id_atAddress, 4236.199959000107
encrypt_register_Vote, 0.5261250000912696
all_vote_process, 4238.1719579999335
register_id_atAddress, 4218.078375000041
encrypt_register_Vote, 0.5573330000042915
all_vote_process, 4220.143458999926
register_id_atAddress, 4225.7525410000235
encrypt_register_Vote, 0.7829579999670386
all_vote_process, 4228.0623749999795
register_id_atAddress, 4381.378999999957
encrypt_register_Vote, 0.6214170001912862
all_vote_process, 4384.386124999961
register_id_atAddress, 4155.30804100004
encrypt_register_Vote, 0.2586660000961274
all_vote_process, 4156.225917000091
register_id_atAddress, 4190.787458000006
encrypt_register_Vote, 0.22312500001862645
all_vote_process, 4192.688707999885
register_id_atAddress, 4191.0278329998255
encrypt_register_Vote, 3.22262499993667
all_vote_process, 4196.903665999882
register_id_atAddress, 4211.709000000032
encrypt_register_Vote, 0.36225000000558794
all_vote_process, 4214.303416999988
register_id_atAddress, 4221.955333000049
encrypt_register_Vote, 1.06195899983868
all_vote_process, 4224.8869999998715
register_id_atAddress, 4215.340291000204
encrypt_register_Vote, 0.6338329999707639
all_vote_process, 4217.779291999992
register_id_atAddress, 4212.413166000042
encrypt_register_Vote, 0.7716249998193234
all_vote_process, 4214.858666999964
register_id_atAddress, 4196.159916999983
encrypt_register_Vote, 0.6392910000868142
all_vote_process, 4198.492542000022
register_id_atAddress, 4216.9968329998665
encrypt_register_Vote, 0.8551670000888407
all_vote_process, 4220.737375000026
register_id_atAddress, 4229.978708000155
encrypt_register_Vote, 0.4995420000050217
all_vote_process, 4232.111041999888
register_id_atAddress, 4205.490541999927
encrypt_register_Vote, 0.49762500007636845
all_vote_process, 4207.2351659999695
register_id_atAddress, 4206.420958000002
encrypt_register_Vote, 0.7790840000379831
all_vote_process, 4209.009499999927
register_id_atAddress, 4190.415334000019
encrypt_register_Vote, 0.38170800008811057
all_vote_process, 4191.8101249998435
register_id_atAddress, 4224.011874999851
encrypt_register_Vote, 0.8308329998981208
all_vote_process, 4226.376333000138
register_id_atAddress, 4216.46412499994
encrypt_register_Vote, 0.8885840000584722
all_vote_process, 4219.057624999899
register_id_atAddress, 4232.693292000098
encrypt_register_Vote, 0.7448750000912696
all_vote_process, 4235.929957999848
register_id_atAddress, 4238.814458000008
encrypt_register_Vote, 1.2573329999577254
all_vote_process, 4243.342916999944
register_id_atAddress, 4238.725374999922
encrypt_register_Vote, 0.5397920000832528
all_vote_process, 4240.599167000037
register_id_atAddress, 4176.6596670001745
encrypt_register_Vote, 0.4316670000553131
all_vote_process, 4178.258332999889
register_id_atAddress, 4232.441792000085
encrypt_register_Vote, 0.4692079999949783
all_vote_process, 4234.364415999968
register_id_atAddress, 4253.8557919999585
encrypt_register_Vote, 0.6400419999845326
all_vote_process, 4255.980958999833
register_id_atAddress, 4243.476666999981
encrypt_register_Vote, 2.030458000022918
all_vote_process, 4247.812083000084
register_id_atAddress, 4251.542041000212
encrypt_register_Vote, 1.013875000178814
all_vote_process, 4255.338541999925
register_id_atAddress, 4237.52541699959
encrypt_register_Vote, 5.61933400016278
all_vote_process, 4248.253000000026
register_id_atAddress, 4215.801291999873
encrypt_register_Vote, 0.3094159997999668
all_vote_process, 4217.082832999993
register_id_atAddress, 4397.014041999821
encrypt_register_Vote, 0.6724589997902513
all_vote_process, 4400.188624999952
register_id_atAddress, 4210.299417000264
encrypt_register_Vote, 0.13412499986588955
all_vote_process, 4211.617666000035
register_id_atAddress, 4182.362040999811
encrypt_register_Vote, 0.40775000024586916
all_vote_process, 4184.086875000037
register_id_atAddress, 4177.642666999716
encrypt_register_Vote, 0.45929200015962124
all_vote_process, 4179.55387499975
register_id_atAddress, 4187.8587919999845
encrypt_register_Vote, 0.6529160002246499
all_vote_process, 4190.463458000217
register_id_atAddress, 4211.080207999796
encrypt_register_Vote, 0.5683749997988343
all_vote_process, 4213.366165999789
register_id_atAddress, 4217.310458000284
encrypt_register_Vote, 0.37941600009799004
all_vote_process, 4219.483874999918
register_id_atAddress, 4199.6880830000155
encrypt_register_Vote, 0.33833299996331334
all_vote_process, 4201.5782920001075
register_id_atAddress, 4241.07416700013
encrypt_register_Vote, 0.8987500001676381
all_vote_process, 4244.050499999896
register_id_atAddress, 4214.94520900026
encrypt_register_Vote, 0.536375000141561
all_vote_process, 4216.83979200013
register_id_atAddress, 4211.745207999833
encrypt_register_Vote, 0.1962910001166165
all_vote_process, 4213.677124999929
register_id_atAddress, 4185.55604199972
encrypt_register_Vote, 0.8553340001963079
all_vote_process, 4188.506250000093
register_id_atAddress, 4212.21875
encrypt_register_Vote, 0.6263749999925494
all_vote_process, 4214.395624999888
register_id_atAddress, 4203.820791999809
encrypt_register_Vote, 0.20054200012236834
all_vote_process, 4205.462208000012
register_id_atAddress, 4196.728457999881
encrypt_register_Vote, 0.3955419999547303
all_vote_process, 4200.093208000064
register_id_atAddress, 4269.83758299984
encrypt_register_Vote, 0.9027920002117753
all_vote_process, 4273.224165999796
register_id_atAddress, 4188.840333000291
encrypt_register_Vote, 0.34258300019428134
all_vote_process, 4190.171749999747
register_id_atAddress, 4205.034875000361
encrypt_register_Vote, 0.6049999999813735
all_vote_process, 4207.3925000000745
register_id_atAddress, 4217.893540999852
encrypt_register_Vote, 1.012707999907434
all_vote_process, 4220.819041999988
register_id_atAddress, 4201.847041000146
encrypt_register_Vote, 0.4936659997329116
all_vote_process, 4203.6740000001155
register_id_atAddress, 4221.216749999672
encrypt_register_Vote, 0.5912080002017319
all_vote_process, 4223.26804099977
register_id_atAddress, 4199.409458999988
encrypt_register_Vote, 0.8296249997802079
all_vote_process, 4202.889417000115
register_id_atAddress, 4215.463417000137
encrypt_register_Vote, 0.536707999650389
all_vote_process, 4217.23495899979
register_id_atAddress, 4177.097207999788
encrypt_register_Vote, 0.14583300007507205
all_vote_process, 4179.520374999847
register_id_atAddress, 4209.5358330002055
encrypt_register_Vote, 0.5662909997627139
all_vote_process, 4211.850999999791
register_id_atAddress, 4206.105500000063
encrypt_register_Vote, 0.764750000089407
all_vote_process, 4209.112167000305
register_id_atAddress, 4205.27879199991
encrypt_register_Vote, 0.3704590001143515
all_vote_process, 4207.516958999913
register_id_atAddress, 4206.994165999815
encrypt_register_Vote, 0.2634589998051524
all_vote_process, 4208.814166999888
register_id_atAddress, 4196.266459000297
encrypt_register_Vote, 0.2199160000309348
all_vote_process, 4197.383291000035
register_id_atAddress, 4183.517541999929
encrypt_register_Vote, 0.4258750001899898
all_vote_process, 4185.291749999858
register_id_atAddress, 4200.887750000227
encrypt_register_Vote, 0.2722089998424053
all_vote_process, 4203.392457999755
register_id_atAddress, 4211.88508399995
encrypt_register_Vote, 0.7354170000180602
all_vote_process, 4214.575916999951
register_id_atAddress, 4243.442624999676
encrypt_register_Vote, 0.41508399974554777
all_vote_process, 4245.218583000358
register_id_atAddress, 4187.768166999798
encrypt_register_Vote, 0.23916600039228797
all_vote_process, 4189.136750000063
register_id_atAddress, 4189.102708999999
encrypt_register_Vote, 0.519334000069648
all_vote_process, 4192.115999999922
register_id_atAddress, 4194.084749999922
encrypt_register_Vote, 0.3171669999137521
all_vote_process, 4196.000415999908
register_id_atAddress, 4209.037790999748
encrypt_register_Vote, 0.2738329996354878
all_vote_process, 4212.500208999962
register_id_atAddress, 4202.774832999799
encrypt_register_Vote, 0.6757499999366701
all_vote_process, 4205.307750000153
register_id_atAddress, 4185.017917000223
encrypt_register_Vote, 0.17491699988022447
all_vote_process, 4185.898667000234
register_id_atAddress, 4187.805749999825
encrypt_register_Vote, 0.3290409999899566
all_vote_process, 4190.024666000158
register_id_atAddress, 4199.239583000075
encrypt_register_Vote, 0.22320799995213747
all_vote_process, 4200.978083000053
register_id_atAddress, 4250.568957999814
encrypt_register_Vote, 3.7196669997647405
all_vote_process, 4257.34775000019
register_id_atAddress, 4315.242958000395
encrypt_register_Vote, 0.7956660003401339
all_vote_process, 4317.798249999993
register_id_atAddress, 4188.783334000036
encrypt_register_Vote, 4.4634170001372695
all_vote_process, 4196.990999999922
register_id_atAddress, 4203.156374999788
encrypt_register_Vote, 0.9537499998696148
all_vote_process, 4212.30541699985
register_id_atAddress, 4178.072374999989
encrypt_register_Vote, 0.5275419997051358
all_vote_process, 4179.75945799984
register_id_atAddress, 4266.381666000001
encrypt_register_Vote, 1.6554999998770654
all_vote_process, 4270.466332999989
register_id_atAddress, 4186.770166000351
encrypt_register_Vote, 0.2496670000255108
all_vote_process, 4187.789040999953
register_id_atAddress, 4224.219250000082
encrypt_register_Vote, 0.518459000159055
all_vote_process, 4225.976875000168
register_id_atAddress, 4200.434791000094
encrypt_register_Vote, 0.7089579999446869
all_vote_process, 4203.178791999817
register_id_atAddress, 4181.828041000292
encrypt_register_Vote, 0.2727500000037253
all_vote_process, 4183.27416699985
register_id_atAddress, 4219.535166000016
encrypt_register_Vote, 0.6018749997019768
all_vote_process, 4221.693750000093
register_id_atAddress, 4171.411416999996
encrypt_register_Vote, 0.6453749998472631
all_vote_process, 4173.544291999657
register_id_atAddress, 4191.906791999936
encrypt_register_Vote, 0.6624580002389848
all_vote_process, 4194.7987500000745
register_id_atAddress, 4251.58304200042
encrypt_register_Vote, 0.5367080001160502
all_vote_process, 4253.615625000093
register_id_atAddress, 4229.014749999624
encrypt_register_Vote, 0.7165000000968575
all_vote_process, 4231.192499999888
register_id_atAddress, 4332.052333000116
encrypt_register_Vote, 1.2354999999515712
all_vote_process, 4334.90412500035
register_id_atAddress, 4153.567916000262
encrypt_register_Vote, 0.3025000002235174
all_vote_process, 4154.610499999952
register_id_atAddress, 4194.710332999937
encrypt_register_Vote, 0.3144589997828007
all_vote_process, 4195.975375000387
register_id_atAddress, 4214.496999999974
encrypt_register_Vote, 0.5841250000521541
all_vote_process, 4216.89925000025
register_id_atAddress, 4225.248625000007
encrypt_register_Vote, 1.494167000055313
all_vote_process, 4228.748749999795
register_id_atAddress, 4192.4312500003725
encrypt_register_Vote, 0.9270840003155172
all_vote_process, 4195.3317080000415
register_id_atAddress, 4192.616208000109
encrypt_register_Vote, 0.29479199973866343
all_vote_process, 4193.721708000172
register_id_atAddress, 4208.225000000093
encrypt_register_Vote, 0.5873340000398457
all_vote_process, 4212.061834000051
register_id_atAddress, 4214.449916999787
encrypt_register_Vote, 0.5179589996114373
all_vote_process, 4216.395500000101
register_id_atAddress, 4177.087958000135
encrypt_register_Vote, 0.32825000025331974
all_vote_process, 4178.229583000299
register_id_atAddress, 4232.55912499968
encrypt_register_Vote, 0.885665999725461
all_vote_process, 4234.850333000068
register_id_atAddress, 4213.321292000357
encrypt_register_Vote, 0.5715000000782311
all_vote_process, 4215.071041000076
register_id_atAddress, 4209.649916000199
encrypt_register_Vote, 0.6693329997360706
all_vote_process, 4211.90991699975
register_id_atAddress, 4228.0943330000155
encrypt_register_Vote, 0.7076669996604323
all_vote_process, 4231.109290999826
register_id_atAddress, 4163.155749999918
encrypt_register_Vote, 0.41333300014957786
all_vote_process, 4165.740708000027
register_id_atAddress, 4203.246458000038
encrypt_register_Vote, 0.5540829999372363
all_vote_process, 4205.326417000033
register_id_atAddress, 4227.3356669996865
encrypt_register_Vote, 0.6505830003879964
all_vote_process, 4229.539040999953
register_id_atAddress, 4229.383374999743
encrypt_register_Vote, 0.5946670002304018
all_vote_process, 4232.876333000138
register_id_atAddress, 4178.237708999775
encrypt_register_Vote, 0.3404589998535812
all_vote_process, 4179.363167000003
register_id_atAddress, 4198.154457999859
encrypt_register_Vote, 0.2018329999409616
all_vote_process, 4199.10391700035
register_id_atAddress, 4233.554250000045
encrypt_register_Vote, 0.587915999814868
all_vote_process, 4236.516667000018
register_id_atAddress, 4225.89616700029
encrypt_register_Vote, 0.3289580000564456
all_vote_process, 4227.936041000299
register_id_atAddress, 4205.671875
encrypt_register_Vote, 0.4732499998062849
all_vote_process, 4207.451124999672
register_id_atAddress, 4260.449082999956
encrypt_register_Vote, 0.31237499974668026
all_vote_process, 4262.663707999978
register_id_atAddress, 4182.629541000351
encrypt_register_Vote, 0.5893330001272261
all_vote_process, 4184.623792000115
all_vote_process, 8.703499999828637
